"","station","year","month","atemp_nValid","atemp_min","atemp_median","atemp_max","atemp_mean","atemp_sd","atemp_iqr","rh_nValid","rh_min","rh_median","rh_max","rh_mean","rh_sd","rh_iqr","bp_nValid","bp_min","bp_median","bp_max","bp_mean","bp_sd","bp_iqr","wspd_nValid","wspd_min","wspd_median","wspd_max","wspd_mean","wspd_sd","wspd_iqr","maxwspd_nValid","maxwspd_min","maxwspd_median","maxwspd_max","maxwspd_mean","maxwspd_sd","maxwspd_iqr","wdir_nValid","wdir_min","wdir_median","wdir_max","wdir_mean","wdir_sd","wdir_iqr","totprcp_nValid","totprcp_total","dailyPAR_nValid","dailyPAR_min","dailyPAR_median","dailyPAR_max","dailyPAR_mean","dailyPAR_sd","dailyPAR_iqr"
"3354","lkspomet",2013,8,414,NA,NA,NA,NA,NA,NA,414,NA,NA,NA,NA,NA,NA,1,NA,NA,NA,NA,NA,NA,414,NA,NA,NA,NA,NA,NA,414,NA,NA,NA,NA,NA,NA,414,NA,NA,NA,NA,NA,NA,414,NA,5,NA,NA,NA,NA,NA,NA
"3355","lkspomet",2013,9,2878,1.7,14.9,31.2,14.4082696316887,5.0874535806841,5.7,2878,31,91,99,83.7553856845031,16.6773736013945,25,0,NA,NA,NA,NA,NA,NA,2878,0,0.9,6,1.19068797776233,1.07016454378916,1.5,2878,0,2.2,9.8,2.72797081306463,2.09517033630014,3.3,2878,0,184,359,170.928422515636,92.7567995535242,82,2878,34.4,30,4184.5,31785.1,42739.9,26941.92,11443.8182493311,15007.75
"3356","lkspomet",2013,10,2975,-5,6.5,24.5,7.08349579831933,5.91182120906648,8.5,2975,19,86,99,80.1623529411765,18.0167726488692,28,0,NA,NA,NA,NA,NA,NA,2975,0,1.3,6.3,1.60168067226891,1.30609141345807,2.1,2975,0,3,12.7,3.60326050420168,2.78036021945644,4.6,2975,0,184,360,182.279663865546,100.134464605871,132,2975,132.1,31,2331.8,11118.8,32245.6,14107.4419354839,9040.18358643872,13254.9
"3357","lkspomet",2013,11,2878,-18.5,-0.5,11.1,-1.32956914523975,6.24416679240998,9.1,2878,27,73,99,72.7585128561501,17.3513966309688,29,0,NA,NA,NA,NA,NA,NA,2878,0,1.5,7.6,1.82724113968033,1.5260459463353,2.4,2878,0,3.2,12.7,3.72209867963864,2.7427367680455,4.6,2878,0,187,359,200.486796386379,81.0520222372406,122,1286,7.4,30,1809.6,9421.1,17984.1,9687.97333333333,4901.0420479543,6911.45
"3358","lkspomet",2013,12,2974,-33.2,-15.2,3,-14.3699731002017,8.2112171028052,11,2974,48,79,100,78.6640887693342,10.5957652102323,16,1477,1005,1020,1033,1019.67704807041,6.53326654653037,10,2974,0,0.9,7.4,1.12054472091459,1.02709258514353,1.4,2974,0,1.9,11.7,2.39004707464694,2.01189411396377,2.8,2974,0,172,359,173.675521183591,101.929643196208,132.75,0,NA,31,842,7582.4,12494.7,7722.73548387097,3350.58474563753,5310.45
"3359","lkspomet",2014,1,2976,-35.3,-16.6,3.5,-15.8914314516129,9.07175488201336,14.6,2976,33,68,98,66.9879032258064,14.0705015291827,21,2976,992,1015,1040,1014.90860215054,11.9037193507531,21,2976,0,1.7,9.1,1.94674059139785,1.49005988078158,2.1,2976,0,3.7,15.7,3.93558467741935,2.62065112075089,4.1,2976,0,210,359,217.172043010753,69.1365082847543,109,0,NA,31,3063,11575.9,18500.1,10891.2322580645,4415.52334847464,7616.55
"3360","lkspomet",2014,2,2688,-32.2,-14.6,7.4,-14.65,7.44964937243604,9.4,2688,25,68,99,67.2131696428571,15.7889746596122,25,2688,987,1019,1034,1017.63504464286,9.94826548467471,13,2688,0,1.7,8,1.99122023809524,1.50997339356737,2.2,2688,0,3.7,14.5,3.96886160714286,2.67327562628079,4.2,2688,0,212,360,200.321428571429,84.6227256046862,121,0,NA,28,7204.8,20156.25,29055.4,19211.5964285714,5719.39242353864,5765.52499999999
"3361","lkspomet",2014,3,2976,-35.7,-4.7,13.8,-6.76001344086021,9.12936533730599,11.4,2976,25,68,98,66.5574596774194,18.7739330674716,31,2976,997,1018,1035,1018.2251344086,9.93906070577198,15,2976,0,1.8,7.7,1.99700940860215,1.49890754433556,2.2,2976,0,3.7,13.5,3.9502688172043,2.59217437587441,4,2976,0,174.5,360,180.42002688172,104.095068000278,150,0,NA,31,2890.2,29908.3,39473,26362.164516129,10787.445365935,15041.1
"3362","lkspomet",2014,4,2880,-16.5,1,20,1.37826388888889,5.11049085882626,5,2880,22,79,100,74.0239583333333,20.8598371384965,33,2880,996,1015.5,1031,1015.71388888889,6.00874216786595,8,2880,0,2.1,7.9,2.25447916666667,1.63227714016215,2.8,2880,0,4.3,14.3,4.60059027777778,3.0713111313385,5.3,2880,0,147,360,151.154166666667,121.373189140059,253,634,NA,30,3660.8,34286.55,48063.2,30448.9933333333,14536.5406414777,23977.325
"3363","lkspomet",2014,5,2976,-1.3,7.2,29.7,8.86283602150538,6.16798101513112,7.9,2976,16,76,99,71.7748655913979,21.9360656940389,34,2976,999,1016,1026,1015.62197580645,5.56186664700605,8,2976,0,1.7,7.2,1.86162634408602,1.30468550941811,1.9,2976,0,3.5,13,3.85877016129032,2.48538525487289,3.8,2976,0,143,360,143.404233870968,119.398597611028,245,2976,137.9,31,6737.5,39541.5,57189.9,35835.4419354839,16175.6174649949,25056
"3364","lkspomet",2014,6,2873,4.3,11,28.8,12.6625130525583,5.60038152350626,7.1,2299,25,82,100,77.817746846455,19.3998806211577,29,2873,996,1014,1022,1013.03828750435,5.32102403563318,7,2873,0,1.5,7.7,1.67097111033763,1.17793061761008,1.6,2873,0,3.3,16.2,3.7204316045945,2.46634242127909,3.2,2873,0,51,360,129.626174730247,126.081748958739,237,2873,105.8,30,9005.8,38554.1,57833.8,35608.3233333333,15304.7133644077,23060.85
"3365","lkspomet",2014,7,2976,6.9,18.7,32.3,18.8548387096774,4.98991757640894,7.8,2712,30,80,100,76.1308997050148,18.489197805389,30,2976,997,1015,1025,1014.45094086022,5.47190954534774,7,2976,0,1.1,7.2,1.41844758064516,1.18228908120519,1.5,2976,0,2.5,12.4,3.04831989247312,2.2475915475293,3.2,2976,0,177,360,189.922715053763,98.2163898497262,141.25,2976,60.9,31,12467.2,42549.5,56219.1,39015.8709677419,10945.5680747413,13759.4
"3366","lkspomet",2014,8,2976,8.7,17.2,28.8,17.7332997311828,3.42657974347108,4.025,2471,42,91,100,85.216511533792,15.3988164844323,23,2976,1003,1018,1024,1016.55107526882,4.443794145371,7,2976,0,0.9,4.6,1.0903561827957,0.816068299672171,1.2,2976,0,2.2,8.7,2.58820564516129,1.76634418243022,2.8,2976,0,75,360,127.994959677419,117.661387002675,185,2976,178.7,31,5036.4,38256.1,48142.1,30716.1483870968,14407.3563276513,25318.65
"3367","lkspomet",2014,9,2880,1.6,12.8,27.7,13.3793402777778,5.24511849824396,8.1,2374,36,84,100,80.2337826453244,17.3413858240179,28,2880,1002,1020,1031,1017.83125,6.36206376356858,9,2880,0,1.1,6.7,1.33277777777778,1.102254750896,1.6,2880,0,2.5,11.2,3.02541666666667,2.29939052135815,3.7,2880,0,158,360,156.010416666667,99.0302504954876,156,2880,67.1,30,5273.6,26934.5,39489,25692.6433333333,9061.09193110409,13385.775
"3368","lkspomet",2014,10,2976,-5.6,7.2,22,6.98756720430108,4.60300961051285,6.1,2398,25,79,100,75.9787322768974,17.9190679903077,28,2976,995,1013,1036,1013.40322580645,8.31142029004272,12,2976,0,1.1,7.2,1.51854838709677,1.37287971025665,1.8,2976,0,2.5,13.1,3.27100134408602,2.58988513524822,3.9,2976,0,177,360,183.100134408602,99.0824529911237,137,2976,38.9,31,3013.3,17450.2,26546.4,15353.8064516129,7767.8047290482,13568.75
"3369","lkspomet",2014,11,2880,-21.1,-4.6,12.8,-4.43763888888889,6.53169896212821,10.5,2674,32,77,100,76.3758414360509,14.6421241367366,23,2880,991,1015,1034,1015.65486111111,9.11664467461103,13,2880,0,1.4,7,1.80083333333333,1.45951478136155,1.9,2880,0,3.25,14,3.67479166666667,2.57035561491952,3.9,2880,0,239,359,218.725347222222,83.7620717550227,118,907,3.8,30,1987.7,9501.65,18371.9,9629.75,4063.17533775554,5373.35
"3370","lkspomet",2014,12,2976,-20.9,-3.5,5.2,-4.6502688172043,6.34765674451608,8.1,2488,32,86,100,80.9786977491961,15.9547998329144,23,2976,1001,1021,1042,1021.44623655914,9.27719527757752,13,2976,0,1.2,6,1.35520833333333,1.03435105638421,1.5,2976,0,2.6,9.8,2.8471438172043,1.904451726165,2.825,2976,0,187,360,197.426747311828,89.8644619579748,122,0,NA,31,1165.9,4059.7,11996.9,5482.29677419355,3638.07205338981,6733.35
"3371","lkspomet",2015,1,2976,-30,-6.5,6.5,-9.1207997311828,8.04908810528259,13.2,2958,23,76,100,73.7751859364435,14.1150341692885,21,2976,996,1020,1046,1020.52822580645,9.73773098399855,12,2976,0,1.6,7.2,1.82284946236559,1.34322404527994,1.7,2976,0,3.4,13.2,3.75786290322581,2.43874716479655,3.4,2976,0,195,360,204.060483870968,84.7462155282112,118,0,NA,31,2930,8157,15945.6,7938.63225806452,3344.36833690979,5226.9
"3372","lkspomet",2015,2,2688,-32.8,-13.5,-1.8,-14.003125,7.06201551786345,11.5,2653,26,69,100,67.0113079532605,17.7455373350521,30,2688,1001,1023,1041,1023.04241071429,8.64821661419814,13,2688,0,1.6,9.3,1.9178943452381,1.56153871443461,2.225,2688,0,3.4,15.8,3.82659970238095,2.74763681126607,4.3,2688,0,194,360,200.645833333333,92.0303966575408,131,0,NA,28,3559.1,17598.2,26493.6,16944.0357142857,6718.92157231899,9312.725
"3373","lkspomet",2015,3,2976,-31.3,-0.4,18.8,-0.837197580645161,7.56545382017169,7.5,2813,20,67,100,65.28226093139,21.2270450430355,36,2976,1000,1020,1033,1019.35483870968,6.97634154015563,11,2976,0,1.6,8.7,1.925,1.57543111346619,2.1,2976,0,3.3,14.3,3.85315860215054,2.72673229552803,4.1,2976,0,188,360,194.878696236559,95.1966195454852,125,0,NA,31,5911.5,28046.4,37694,25972.4193548387,7781.44926147734,9131.75
"3374","lkspomet",2015,4,2880,-5.7,2.7,25,4.95569444444444,6.35114555669207,7.8,2684,14,71.5,100,66.6888971684054,23.8951713374216,38.25,2880,997,1018,1028,1015.86736111111,7.44378800308144,9,2880,0,2.1,8,2.23364583333333,1.63487411723702,2.3,2880,0,4.6,15.7,4.65065972222222,3.05077551489474,4.8,2880,0,150,360,145.615277777778,113.21416402405,238,1379,19.3,30,5604.4,34686.5,48402.4,31029.8866666667,13196.9106894244,20360.4
"3375","lkspomet",2015,5,2975,-0.8,7.7,28.3,8.99351260504202,5.5513511806127,6.7,2600,14,82,100,74.9534615384615,22.6596288552164,30.25,2976,1002,1018,1033,1017.9250672043,6.79189556557176,10,2976,0,1.6,7.4,1.78269489247312,1.20156183892485,1.8,2976,0,3.6,12.3,3.84388440860215,2.427888988383,3.8,2976,0,95,360,132.916330645161,120.251892720939,239,2976,100.1,31,7941.3,28078.8,54933.3,32348.6838709677,15220.4422806982,24701.85
"3376","lkspomet",2015,6,2880,0.5,14.6,29.6,15.0393055555556,5.3766101770419,7.65,2404,29,82,100,77.5865224625624,18.7259514617343,31,2880,1000,1015,1028,1014.89756944444,5.75023695801555,8,2880,0,1.1,7.2,1.38489583333333,1.09202053386721,1.5,2880,0,2.55,16.4,2.91027777777778,1.99491327581933,2.8,2880,0,110,360,135.676388888889,117.633591397583,225,2877,100.2,30,12833.6,41990.15,55084.5,40874.3866666667,10226.8025355194,13477.6
"3377","lkspomet",2015,7,2976,7.2,20.1,31.3,20.5088709677419,4.74214807216129,6.9,2641,31,76,100,75.0689132904203,18.8243018481062,33,2976,1003,1014,1022,1012.98823924731,3.79821224526124,5,2976,0,1,7.2,1.3426747311828,1.15894769846533,1.6,2976,0,2.5,12.9,2.95685483870968,2.25866772371414,3.4,2976,0,166.5,360,166.240255376344,90.8522916420221,95.25,2976,75.4,31,17776.5,41187.5,50688.3,39236.4064516129,8835.2832243581,10345.65
"3378","lkspomet",2015,8,2976,7,16.8,33,17.8697244623656,5.25723901637675,7.9,2408,35,81,100,78.5236710963455,16.2761617182098,26,2976,997,1014,1023,1013.89684139785,4.85643747801432,5,2976,0,1.1,7.7,1.47708333333333,1.31372804360302,1.8,2976,0,2.6,12.9,3.19526209677419,2.48447841747769,3.6,2976,0,169,360,177.493951612903,102.215175723953,158,2976,120.8,31,7917,27606.8,47195.9,27863.1838709677,10678.6933973558,17297.35
"3379","lkspomet",2015,9,2880,0.6,15.7,28.9,16.1090277777778,5.4421197471257,7.9,2244,29,87,100,79.3569518716578,19.6729057232187,34,2880,1004,1015,1031,1016.69652777778,5.99828519196152,8,2880,0,1,6.4,1.30621527777778,1.07799982448034,1.5,2880,0,2.5,11.6,2.95517361111111,2.13350705392485,3.2,2880,0,163,360,156.256597222222,105.819620448097,196,2880,154.5,30,2068.4,26405.75,32074.4,21977.9166666667,9085.68786988762,14174.075
"3380","lkspomet",2015,10,2976,-4,8.1,30.3,8.40372983870968,4.83685947832256,5.525,2714,28,83,100,78.7733971997052,18.1447637321317,28,2976,991,1020,1037,1017.68313172043,11.1814701640422,16,2976,0,1.2,9.3,1.57647849462366,1.41988205151331,2,2976,0,2.7,13.5,3.40779569892473,2.70465264485839,4,2976,0,163,360,165.208333333333,98.7766972031569,199.25,2975,63.5,31,1540.5,16404.2,26583.6,14698.7774193548,8153.38130768291,15173.65
"3381","lkspomet",2015,11,2880,-13.8,3.1,18.6,2.85979166666667,6.55844231804403,10,2415,32,82,100,78.5204968944099,16.6448941170331,26,2880,984,1016,1038,1015.2125,10.1043865719712,12,2880,0,1.3,8.5,1.55756944444444,1.30350677075082,1.8,2880,0,2.9,15.4,3.41013888888889,2.63205610268829,4.1,2880,0,169,360,174.436111111111,97.1558554317944,119,1691,61.9,30,664.6,9001.2,15149.4,8200.55333333333,4429.75418012871,7086.625
"3382","lkspomet",2015,12,2976,-14.9,-0.9,9,-1.61068548387097,4.59200914273139,7,2684,45,87,100,85.8878539493294,9.58978296928392,13,2976,987,1014,1037,1014.0184811828,10.8457478564813,16,2976,0,1.3,6.1,1.43568548387097,1.0538238019632,1.4,2976,0,2.8,11.2,3.26905241935484,2.25883138729806,3.1,2976,0,184,360,173.235551075269,102.17498234915,193,0,NA,31,875.3,3925,10570.4,4366.91612903226,2972.87557886264,5020.5
"3383","lkspomet",2016,1,2976,-28.5,-7.1,7.3,-9.11155913978495,8.15167730052923,14.1,2871,49,81,100,79.936955764542,12.3086551938309,19,2976,997,1017,1033,1016.27419354839,8.88201389201732,11,2976,0,1.3,7,1.55947580645161,1.27992289450774,1.9,2976,0,2.8,11.6,3.14690860215054,2.28272515593226,3.7,2976,0,195,359,200.189516129032,85.7958787533522,115,0,NA,31,1240.7,7236.7,15390.6,7271.94838709677,3582.64532981529,6029.9
"3384","lkspomet",2016,2,2108,-26.9,-8.1,14.1,-8.31831119544592,7.91546200608319,11.5,2108,26,75,99,71.9710626185958,17.0196184130362,26,2108,999,1019,1039,1017.57590132827,8.9317099012227,12,2108,0,1.6,8,1.88610056925996,1.52128432655465,2.2,2108,0,3.5,13.8,3.82281783681214,2.72681950176069,4.2,2108,0,195.5,359,210.490986717268,84.2320422296713,123,0,NA,23,928.4,14720.7,27696.6,14086.4304347826,6677.72934124622,9686.6
"3385","lkspomet",2016,3,2976,-17.3,0.2,15.9,-0.110987903225806,4.78816435399434,4.025,2464,23,86,100,80.5097402597403,18.6321286633524,25,2976,997,1017,1028,1015.07594086022,7.38335255238458,12,2976,0,1.3,5.4,1.51750672043011,1.20240346140072,1.925,2976,0,2.8,11.6,3.25947580645161,2.42699335259331,4,2976,0,146,360,175.840053763441,134.927222045584,301,0,NA,31,1945.3,16190.1,35429.3,18041.1580645161,10117.524294239,16764.75
"3386","lkspomet",2016,4,2880,-11.1,2.6,19.3,2.371875,4.20129166342862,4.4,2765,27,78,100,75.2929475587703,18.4131582489124,31,2880,1001,1019,1031,1018.33888888889,7.04536100220721,11,2880,0,2.3,8,2.35361111111111,1.59669274858849,2.6,2880,0,4.8,13.9,4.88677083333333,3.03219530948156,4.9,2880,0,204.5,360,182.768055555556,147.425349865447,332,0,NA,30,2434.1,30264.5,45895.4,26953.8166666667,11798.596921057,14446.05
"3387","lkspomet",2016,5,2976,-2.4,8.6,33.5,10.3915658602151,6.5272321157958,8.7,2587,16,71,100,67.276768457673,24.2075154177543,41,2976,1003,1015,1029,1015.92943548387,4.9442329175919,6,2976,0,1.7,7.4,1.93299731182796,1.31244331309082,2,2976,0,3.7,12.2,4.0184811827957,2.53299062855583,4.1,2976,0,182,360,184.770161290323,128.625398109253,260.5,1343,36.8,31,7240.2,36826,46705.9,31425.1516129032,13189.4682770224,18206.35
"3388","lkspomet",2016,6,2871,3.1,14.6,32.3,15.2030303030303,5.68825685736747,8.6,2634,31,78,100,75.086940015186,19.6983238256621,33,2804,1002,1015,1026,1014.71932952924,4.7268640543837,7,2871,0,1.4,7.1,1.68874956461163,1.27263979961335,1.7,2871,0,3.2,16,3.65572971090212,2.49260391996628,3.6,2871,0,164,360,174.802507836991,120.829105889043,245.5,2868,112.8,30,8131.4,41496.95,59716.9,39579.31,16147.9948420924,23682.375
"3389","lkspomet",2016,7,2976,8.3,18.8,32.6,19.5001344086022,4.4849110217132,5.8,2931,38,86,100,80.6287956328898,17.4969537051042,26,2976,998,1015,1024,1014.30040322581,5.31183677473131,9,2976,0,1.1,7.1,1.31468413978495,0.971888623679403,1.5,2976,0,2.6,14.8,2.96384408602151,2.04060870994692,3.2,2976,0,163,360,165.95127688172,111.20373600995,201,2976,141.5,31,4181.9,47179.4,55724.2,41050.0032258065,13629.3848877706,16576.05
"3390","lkspomet",2016,8,2976,9.5,19.4,30.2,19.9150537634409,4.13222082399828,5.7,2957,35,88,100,82.049036185323,17.2418705692971,26,2976,1006,1016,1025,1015.85181451613,3.92893383453736,6,2976,0,0.9,5.4,1.16229838709677,0.955185736530518,1.3,2976,0,2.1,10.6,2.57876344086021,1.90341028307132,2.7,2976,0,161,360,174.571572580645,96.513818847795,126,2976,93.6,31,9204,37284,50163.9,34309.3483870968,11055.1646739694,11836.9
"3391","lkspomet",2016,9,2880,4.4,15.4,27.2,15.6380902777778,4.11850724703912,5.5,2760,28,87,100,84.2641304347826,14.4608612886979,21,2880,1006,1017,1034,1017.240625,6.88097201857837,11,2880,0,1.2,5.6,1.40350694444444,1.06249239702424,1.6,2880,0,2.9,10,3.17413194444444,2.16550226964568,3.6,2880,0,158,360,161.310763888889,108.406524700041,206.5,2880,90.7,30,5926.7,25642.5,42739.3,24029.03,10935.5250838455,14605.9
"3392","lkspomet",2016,10,2976,-1.9,8.8,24.3,9.3252688172043,4.90955370423543,5.8,2703,30,79,100,77.0003699593045,16.4838592703102,25,2976,998,1019,1032,1017.6434811828,7.81282577345537,11,2976,0,1.4,5.5,1.58971774193548,1.20090797062766,1.8,2976,0,3.1,10.4,3.3900873655914,2.33262268646404,3.7,2976,0,156.5,360,162.421706989247,98.9977196201648,159,2976,44.1,31,4317.5,17613.1,32042.2,17918.0806451613,9228.07325387842,18794.5
"3393","lkspomet",2016,11,2880,-9.8,3.4,22.4,4.59388888888889,5.80658177907483,8.1,2298,29,82,100,77.8585726718886,18.6386839166475,29,2880,983,1020,1033,1016.88506944444,10.6849635786956,13,2336,0,0.9,6.6,1.43137842465753,1.30391109270365,1.7,2336,0,2,14.8,3.05458047945206,2.64347858138148,3.6,2336,0,157,360,169.679366438356,94.9382417211176,113.25,2336,40.2,25,26,15050.3,22700.9,13254.476,7467.87929023807,13918.9
"3394","lkspomet",2016,12,2976,-30.7,-5.8,5.8,-7.34139784946237,7.4048342098667,11.4,2914,38,78,100,77.0037748798902,12.053533161727,15,2976,994,1016,1035,1016.56552419355,8.79054539435243,13,0,NA,NA,NA,NA,NA,NA,0,NA,NA,NA,NA,NA,NA,0,NA,NA,NA,NA,NA,NA,0,NA,0,NA,NA,NA,NA,NA,NA
"3395","lkspomet",2017,1,2976,-32.9,-5.9,10,-8.16367607526882,8.72402927847426,14.6,2570,37,79,100,77.6132295719844,14.2676079326874,20,2976,993,1013,1045,1015.62298387097,10.1285350779179,13,0,NA,NA,NA,NA,NA,NA,0,NA,NA,NA,NA,NA,NA,0,NA,NA,NA,NA,NA,NA,0,NA,0,NA,NA,NA,NA,NA,NA
"3396","lkspomet",2017,2,2688,-25.2,-3.6,13.6,-4.56953125,7.05665716537228,9.6,2488,29,72,100,71.5261254019293,18.3333768524783,31,2688,996,1013,1030,1013.27269345238,7.29823802472229,9,0,NA,NA,NA,NA,NA,NA,0,NA,NA,NA,NA,NA,NA,0,NA,NA,NA,NA,NA,NA,0,NA,0,NA,NA,NA,NA,NA,NA
"3397","lkspomet",2017,3,2976,-24.7,-0.7,16.6,-2.98662634408602,7.10963289549733,9.2,2676,15,76,100,69.1378923766816,22.9261318289932,37,2976,985,1023,1040,1022.00235215054,10.3865618341411,15,0,NA,NA,NA,NA,NA,NA,0,NA,NA,NA,NA,NA,NA,0,NA,NA,NA,NA,NA,NA,0,NA,0,NA,NA,NA,NA,NA,NA
"3398","lkspomet",2017,4,2878,-5.8,3.3,20.5,4.35375260597637,4.91149101540341,5.7,2688,18,80,100,75.3169642857143,20.6378916149902,28,2880,1000,1017.5,1030,1016.03159722222,7.7640644189602,14,0,NA,NA,NA,NA,NA,NA,0,NA,NA,NA,NA,NA,NA,0,NA,NA,NA,NA,NA,NA,0,NA,0,NA,NA,NA,NA,NA,NA
"3399","lkspomet",2017,5,2976,-1.3,8.2,24.2,8.8289314516129,4.81582960564363,6.2,2832,23,79,100,73.8880649717514,21.6101706613841,34,2976,998,1013,1028,1012.73958333333,5.92443103202504,8,0,NA,NA,NA,NA,NA,NA,0,NA,NA,NA,NA,NA,NA,0,NA,NA,NA,NA,NA,NA,0,NA,0,NA,NA,NA,NA,NA,NA
"3400","lkspomet",2017,6,2880,3,14.9,32.6,15.3888541666667,5.29549449744527,7.225,2691,20,80,100,74.9409141583055,20.2276229600469,33,2880,995,1011.5,1023,1011.21666666667,5.73759894739422,8,0,NA,NA,NA,NA,NA,NA,0,NA,NA,NA,NA,NA,NA,0,NA,NA,NA,NA,NA,NA,0,NA,0,NA,NA,NA,NA,NA,NA
"3401","lkspomet",2017,7,520,NA,NA,NA,NA,NA,NA,483,NA,NA,NA,NA,NA,NA,2976,1009,1017,1024,1016.60685483871,3.59794620039515,6,0,NA,NA,NA,NA,NA,NA,0,NA,NA,NA,NA,NA,NA,0,NA,NA,NA,NA,NA,NA,0,NA,0,NA,NA,NA,NA,NA,NA
"3402","lkspomet",2017,8,2844,6.1,16.7,27.4,16.8985583684951,3.84337776138536,5,2526,32,89,100,83.2882026920032,16.6396899775982,25,2975,1004,1018,1027,1017.24739495798,4.10864218309941,5,0,NA,NA,NA,NA,NA,NA,0,NA,NA,NA,NA,NA,NA,0,NA,NA,NA,NA,NA,NA,0,NA,0,NA,NA,NA,NA,NA,NA
"3403","lkspomet",2017,9,2880,3.4,15.3,29.5,15.1904513888889,4.79784625950382,5.7,2547,31,91,100,84.5685119748724,15.5461302583498,22.5,2880,1003,1016,1030,1016.46666666667,6.15264890696852,8,0,NA,NA,NA,NA,NA,NA,0,NA,NA,NA,NA,NA,NA,0,NA,NA,NA,NA,NA,NA,0,NA,0,NA,NA,NA,NA,NA,NA
"3404","lkspomet",2017,10,2976,-3.4,9.1,25.6,8.98091397849462,6.12001636494705,8.8,2822,16,78.5,100,74.3575478384125,20.6293760719614,31,2976,995,1014,1029,1013.45362903226,7.18335145222634,11,0,NA,NA,NA,NA,NA,NA,0,NA,NA,NA,NA,NA,NA,0,NA,NA,NA,NA,NA,NA,0,NA,0,NA,NA,NA,NA,NA,NA
"3405","lkspomet",2017,11,2880,-17,-0.9,11.1,-1.540625,4.54433934719516,5.925,2699,25,77,100,75.9418303075213,15.7508382512913,26,2880,992,1018,1038,1017.221875,9.6747240514852,15,0,NA,NA,NA,NA,NA,NA,0,NA,NA,NA,NA,NA,NA,0,NA,NA,NA,NA,NA,NA,0,NA,0,NA,NA,NA,NA,NA,NA
"3406","lkspomet",2017,12,2976,-32.8,-8.5,7.6,-10.3303091397849,8.79404087987072,10.1,2952,37,76,100,76.6094173441734,12.6750789864222,18,2976,990,1018,1042,1018.62903225806,10.3255976547949,10,0,NA,NA,NA,NA,NA,NA,0,NA,NA,NA,NA,NA,NA,0,NA,NA,NA,NA,NA,NA,0,NA,0,NA,NA,NA,NA,NA,NA
"3407","lkspomet",2018,1,2976,-33.5,-10.2,9.8,-11.0671370967742,9.88967182176469,14,2961,31,75,100,74.402904424181,14.4225135453871,20,2976,997,1021,1042,1021.09509408602,11.7420466681721,20,0,NA,NA,NA,NA,NA,NA,0,NA,NA,NA,NA,NA,NA,0,NA,NA,NA,NA,NA,NA,0,NA,0,NA,NA,NA,NA,NA,NA
"3408","lkspomet",2018,2,2688,-32.1,-11.1,9.4,-11.0081473214286,8.22415342186578,12.8,2672,25,71,100,69.062874251497,17.432647703733,30,2688,994,1020,1043,1020.74293154762,9.30789480661859,12,0,NA,NA,NA,NA,NA,NA,0,NA,NA,NA,NA,NA,NA,0,NA,NA,NA,NA,NA,NA,0,NA,0,NA,NA,NA,NA,NA,NA
"3409","lkspomet",2018,3,1867,-17.5,-1.9,12,-2.78152115693626,5.27240650497018,5.9,1867,16,70,100,68.9919657204071,19.4474706705028,31,1867,1010,1020,1033,1021.0487412962,4.97661005751382,7,0,NA,NA,NA,NA,NA,NA,0,NA,NA,NA,NA,NA,NA,0,NA,NA,NA,NA,NA,NA,0,NA,0,NA,NA,NA,NA,NA,NA
"3410","lkspomet",2018,4,0,NA,NA,NA,NA,NA,NA,0,NA,NA,NA,NA,NA,NA,0,NA,NA,NA,NA,NA,NA,0,NA,NA,NA,NA,NA,NA,0,NA,NA,NA,NA,NA,NA,0,NA,NA,NA,NA,NA,NA,0,NA,0,NA,NA,NA,NA,NA,NA
"3411","lkspomet",2018,5,44,NA,NA,NA,NA,NA,NA,44,NA,NA,NA,NA,NA,NA,44,NA,NA,NA,NA,NA,NA,40,NA,NA,NA,NA,NA,NA,40,NA,NA,NA,NA,NA,NA,40,NA,NA,NA,NA,NA,NA,44,NA,1,NA,NA,NA,NA,NA,NA
"3412","lkspomet",2018,6,2880,4.4,12.9,30,14.1811111111111,5.74396015885476,8,2814,23,84,100,79.6499644633973,17.4989737650085,25,2880,1005,1015,1024,1014.446875,4.1044825873464,6,2880,0,1.4,6.3,1.61114583333333,1.11358597003583,1.7,2880,0,3.1,14.3,3.5425,2.23455433297943,3.6,2880,0,75,360,123.231597222222,96.4548686676948,135,2880,123.8,30,6687.9,35439.2,49617.6,32583.2266666667,12128.5789268764,19467.65
"3413","lkspomet",2018,7,2976,10,19.9,32.1,20.2844758064516,4.76420345374315,7.2,2938,34,83,100,77.643975493533,19.6018037704242,31,2891,1006,1018,1032,1017.70702179177,4.35829747788667,5,2976,0,1,7.4,1.35534274193548,1.16068294158734,1.4,2976,0,2.2,12.1,2.85319220430108,2.13208775845831,2.8,2976,0,198,360,186.074932795699,93.3890467188434,155,2975,52.9,31,11668.3,34742.6,45542,33169.364516129,9792.60409358506,14873.85
"3414","lkspomet",2018,8,2976,8.2,18.4,32,19.071875,4.77797312737131,6.1,2740,29,91,100,84.1372262773723,17.5430457177696,22,2976,1003,1016,1023,1014.92305107527,3.81149868828992,5,2976,0,0.9,6.3,1.15715725806452,0.863225833992283,1.2,2976,0,2,15.2,2.55262096774194,1.81337324894345,2.6,2976,0,174,360,160.273521505376,95.5752637620816,148,2976,116.3,31,5815,25491,36944.6,23674.7064516129,10010.5964931478,14711.8
"3415","lkspomet",2018,9,2880,-0.7,14.9,27.7,14.7630902777778,5.68942659895043,8,2609,36,88,100,82.7596780375623,15.892182722189,24,2880,998,1018,1032,1018.43784722222,5.92217897142889,8,2880,0,1.1,7.4,1.44805555555556,1.15833795831463,1.6,2880,0,2.7,13.8,3.20805555555556,2.32307789440589,3.4,2880,0,184,360,168.688194444444,95.6938428846586,155,2879,84.6,30,2698,19086.8,34466.7,19132.36,9542.02052515518,14037.725
"3416","lkspomet",2018,10,2976,-4.3,5.9,20.2,5.48272849462366,4.17193473222647,4.9,2768,29,81,100,78.2792630057804,18.2161372964689,29,2976,996,1017,1030,1016.97009408602,6.99085449084397,10,2976,0,1.3,9.2,1.86384408602151,1.62644424494083,2.2,2976,0,3.1,20.3,3.91209677419355,3.06937513231936,4.4,2976,0,209,360,203.555443548387,100.732171476435,193,2976,141.1,31,2835.9,8194.5,24076.5,11009.0806451613,6995.23422044939,12625.6
"3417","lkspomet",2018,11,2880,-20.2,-4.1,8.2,-3.95138888888889,5.10155750772936,6.8,2787,40,79,100,79.4556871187657,13.362058516942,23,2880,997,1019,1033,1018.459375,8.40217075432628,11,2880,0,1.4,6.9,1.64697916666667,1.29660010682144,1.8,2880,0,2.9,10.9,3.29506944444444,2.34358924609193,3.7,2880,0,228,359,217.248611111111,104.128887848801,171.25,577,NA,30,1175.5,6806.95,13898.4,7177.84333333333,3872.19794616241,6469.05
"3418","lkspomet",2018,12,2976,-18.1,-5,8.9,-5.11270161290323,4.63098805650659,5.8,2898,30,85,100,82.9365079365079,12.5912659574905,16,2976,1000,1017,1034,1018.14146505376,7.46229611209986,11,2976,0,1.2,5.8,1.37809139784946,1.08755087726286,1.5,2976,0,2.4,14.9,2.9351814516129,2.21148009314087,3.2,2976,0,211,360,200.714717741935,99.8592097903539,146.5,0,NA,31,1155.8,4803.9,10629.8,5284.25483870968,3235.60950176199,5125.9
"3419","lkspomet",2019,1,2976,-36.3,-12.6,4.2,-13.36875,9.84003541959192,16.9,2917,30,75,100,73.7446006170723,15.3241465530312,22,2976,997,1022,1035,1020.68985215054,8.79286826244168,14,2976,0,1.2,8.6,1.58743279569892,1.54554496511086,1.6,2976,0,2.5,13.8,3.12664650537634,2.57659777839658,3,2976,0,220,359,218.355174731183,91.2748100593171,123,0,NA,31,1962.4,8822.3,16008.2,8900.55161290323,4370.29659274753,7980.5
"3420","lkspomet",2019,2,2688,-34,-9.55,-0.4,-11.4575520833333,6.91240603273635,10.1,2669,31,80,100,77.1172723866617,15.8004124514772,22,2688,999,1021,1046,1020.921875,10.0418475665244,15,2688,0,1.5,9.2,1.73005952380952,1.52206585839419,1.9,2688,0,3.2,15.9,3.58500744047619,2.72155148782363,3.7,2688,0,193,359,179.099330357143,106.73977427152,220,0,NA,28,2521,13494.5,22397.4,13130.75,6483.98797657509,13156.15
"3421","lkspomet",2019,3,2967,-32,-1.4,16.1,-3.96022918773172,8.98650571191986,11.5,2859,14,70,100,67.362364463099,20.6034961943125,32,2967,992,1022,1031,1019.76103808561,8.06571910499073,9,2967,0,1.4,7.6,1.80714526457701,1.49875296785755,2.1,2967,0,3,12.9,3.68651836872262,2.72160140467275,4.3,2967,0,222,360,219.478934951129,92.5636673482546,121,0,NA,20,6263,21558.25,32109,20834.875,8279.27329037462,10490.8
"3422","lkspomet",2019,4,2880,-6.8,2.2,23.7,3.13378472222222,5.01418421378909,4.7,2557,15,81,100,74.856863511928,22.872320404942,35,2880,997,1016,1031,1015.33159722222,6.17410711750527,9,2880,0,1.5,8.4,1.83180555555556,1.51315714095061,2.1,2880,0,3.3,16.8,3.90034722222222,3.02098827320611,4.5,2880,0,121,359,152.485069444444,102.080353283905,160,191,NA,0,NA,NA,NA,NA,NA,NA
"3423","lkspomet",2019,5,2976,-2.7,6.5,26.9,7.92123655913978,5.63437223988923,6.7,2662,21,78,100,72.7468069120962,23.4406456003803,40,2976,1004,1014,1029,1014.94018817204,5.28874986402678,8,2976,0,1.75,7,1.86680107526882,1.24673691013972,2.2,2976,0,3.8,13.7,4.04099462365591,2.61219368553088,4.5,2976,0,78,359,136.337029569892,101.148791241055,142,2976,99.4,0,NA,NA,NA,NA,NA,NA
"3424","lkspomet",2019,6,2880,3.5,12.7,29.6,13.6728125,5.39504555817331,7.9,2781,23,80,100,76.7180870190579,19.2516558217405,27,2880,1001,1015,1021,1014.12638888889,4.49614842095848,5,2880,0,1.2,8.3,1.50625,1.10585098051592,1.6,2880,0,2.7,13.3,3.22486111111111,2.18860765194026,3.4,2880,0,80,360,128.138541666667,96.9935627035675,144,2880,92.9,0,NA,NA,NA,NA,NA,NA
"3425","lkspomet",2019,7,2976,9,20.1,32.5,20.5449932795699,4.63188965920831,6.925,2969,32,82,100,77.6695857190973,18.7491317282378,32,2976,1002,1015,1024,1014.75067204301,4.86541554810783,7,2976,0,0.9,6.4,1.28024193548387,1.06926790722154,1.3,2976,0,2.1,10.3,2.70299059139785,1.9955415333538,2.7,2976,0,187,360,171.35752688172,92.6706132046744,146,2976,32.9,0,NA,NA,NA,NA,NA,NA
"3426","lkspomet",2019,8,2974,6.5,18.1,30,18.2695023537323,4.60570522724336,6,2944,34,84,100,78.4901494565217,18.7670385995289,32,2974,1003,1015,1026,1014.77942165434,5.64629906278197,9,2974,0,0.9,7.4,1.41583725622058,1.30196416408894,1.5,2974,0,2.1,13.8,2.96203765971755,2.36384244622803,3.3,2974,0,203,360,191.694687289845,91.7887474555287,143,2974,43,12,8818,34501.9,49109.4,34823.5916666667,10440.7005569949,8880
"3427","lkspomet",2019,9,2880,2.3,12.3,28.2,13.3747569444444,4.04196787254535,4.7,2534,37,92,100,86.2872928176796,15.1518807759841,20,2880,999,1016,1028,1015.14270833333,6.10832931337978,8,2880,0,1.2,7.1,1.42826388888889,1.01822218703774,1.3,2880,0,2.9,11.5,3.29253472222222,2.10349693928393,3.1,2880,0,130,360,172.68125,94.8760098115228,149,2880,181.4,30,3397.5,22171.25,40096.8,20788.7166666667,10519.8209333811,17685.925
"3428","lkspomet",2019,10,2976,-6.3,6.2,22.2,6.33726478494624,5.4885726155732,7.125,2808,23,80,100,76.0804843304843,18.6137096099622,29,2976,988,1014,1033,1013.25504032258,8.78588295463189,12,2976,0,1.6,7.2,1.90742607526882,1.44103206289728,2,2976,0,3.5,14.6,3.99586693548387,2.74879708837233,4.2,2976,0,237,360,219.043682795699,93.8982111520689,155.25,1921,50.3,31,1029.9,13694.2,29552.3,14622.0967741935,7557.58878247482,12070.4
"3429","lkspomet",2019,11,2880,-18.9,-1.5,9.8,-2.59125,4.59307736419688,5.7,2576,35,79,100,76.597049689441,14.7112233435279,21,2880,994,1017,1036,1017.72152777778,10.0063311892335,14,2880,0,1.6,7.6,1.7603125,1.34777983968676,2,2880,0,3.4,13.4,3.64673611111111,2.54748916558685,3.9,2880,0,238,360,212.626388888889,108.963301345447,187,0,NA,30,2748.2,7229.7,16618.8,8483.98,4429.24186019887,7541.125
"3430","lkspomet",2019,12,2976,-30.7,-5.5,6.7,-7.253125,7.92702792625947,10.3,2709,39,85,100,83.3333333333333,11.7044159627068,16,2976,997,1016,1031,1015.14818548387,7.80165141323626,11,2976,0,1.25,7.3,1.52180779569892,1.23109770981523,1.6,2976,0,2.8,14.4,3.25913978494624,2.39409437258086,3.3,2976,0,226,360,202.454637096774,101.617866946181,166.25,0,NA,31,2240.2,7064.3,12202,7046.10967741935,3519.77344454202,6944.9
"3431","lkspomet",2020,1,2976,-29.1,-6,1.8,-7.25796370967742,6.10250399798355,7.3,2783,29,83,100,80.3334531081567,12.6490332816515,17,2976,991,1019,1044,1018.88440860215,10.0243105600711,11,2976,0,1.3,7.3,1.51871639784946,1.26103165670282,1.5,2976,0,2.7,15.4,3.08800403225806,2.31879001654399,3,2976,0,241,360,218.9375,109.717342531164,203,0,NA,31,2707.8,6657.5,14827.1,7377.3064516129,3652.82447009028,6037.4
"3432","lkspomet",2020,2,2784,-29.9,-7.4,9.3,-8.37270114942529,7.76867969613322,10.5,2756,25,69,100,67.3044267053701,18.2716305048183,29,2784,991,1018,1041,1017.89762931034,9.10843812705703,11,2784,0,1.5,8.2,1.76853448275862,1.38087959863716,1.9,2784,0,3.2,13.8,3.56986350574713,2.48860439441138,3.8,2784,0,247.5,360,229.794540229885,102.063761004876,100,0,NA,29,7789.3,19230.2,27853,19371.5172413793,6137.51679148526,9591.7
"3433","lkspomet",2020,3,2976,-14.7,0.1,13.4,-0.466431451612903,4.38085661789564,4.8,2808,28,78,100,75.017094017094,18.7683948906493,30,2976,995,1018,1042,1017.68985215054,10.2976334645262,14,2976,0,1.6,8.2,1.79052419354839,1.51013525825934,2.2,2976,0,3.3,14.2,3.66266801075269,2.75454352947934,4.4,2976,0,176.5,360,174.643481182796,108.75480514223,169,0,NA,31,6156.1,27883,39752,24685.5322580645,10345.5416631638,15265.6
"3434","lkspomet",2020,4,2880,-9.1,2.5,20.2,2.58913194444444,4.58818990106171,5.3,2680,19,67,100,65.385447761194,22.2600333033483,36,2880,999,1014,1027,1014.15590277778,5.61287285307061,8,2880,0,2,9.1,2.26902777777778,1.55361261235877,2.2,2880,0,4.3,18.3,4.61454861111111,2.7999020236167,4.2,2880,0,126,360,183.720486111111,118.28258706748,228,0,NA,30,5033.6,35998.05,49522.2,33959.66,11811.2058411406,13341.675
"3435","lkspomet",2020,5,2976,-2.8,9,29,9.40517473118279,5.44359311358458,7.125,2862,15,71,100,66.5447239692523,22.7847991612363,31,2976,1007,1019,1027,1017.91061827957,4.99903266146311,9,2976,0,1.7,8.9,1.96784274193548,1.36470916659164,1.8,2976,0.2,3.7,15,4.07399193548387,2.58937499196439,3.7,2976,0,97,360,133.86189516129,100.233133686968,133,0,NA,31,14413.2,40072.2,53770.5,37532.5870967742,13576.955169643,25375.75
"3436","lkspomet",2020,6,2880,3.1,15.5,31.5,16.1101388888889,5.77886412375007,8.225,2842,17,79,100,74.2702322308234,20.2943532775708,29,2880,996,1012,1031,1013.59583333333,6.66108933656536,8,2880,0,1.5,7.6,1.79361111111111,1.39917636225263,1.8,2880,0.1,3.2,13.6,3.7021875,2.5283784408942,3.8,2880,0,112,360,162.288541666667,105.973951366079,153.25,0,NA,30,26005.3,45319,57440.3,43755.9933333333,10277.6452626792,17967.675
"3437","lkspomet",2020,7,2976,9.1,20.5,34.2,20.8842741935484,4.77623261515144,7.8,2960,33,85,100,78.8986486486486,18.6654217863183,32,2976,1003,1014,1022,1014.15591397849,3.37203805484964,4,2976,0,1,7.3,1.27459677419355,1.07519308660759,1.3,2976,0,2.1,15.7,2.72617607526882,2.06814095741644,2.8,2976,0,192,360,179.54872311828,97.2634522205788,152,1601,75.4,31,7577.4,48070.4,57615.7,44042.4741935484,11679.8885438451,14984
"3438","lkspomet",2020,8,2976,8.9,18.7,30,19.0720094086021,3.96364734771578,5.1,2926,31,89,100,82.2904989747095,17.9740656081473,27,2976,1002,1014,1024,1014.20766129032,3.99914551052007,6,2976,0,1,6.8,1.27862903225806,0.979967553304676,1.3,2976,0,2.4,12.9,2.81787634408602,1.93853700172502,3.1,2976,0,199,360,182.135752688172,95.4364783347849,150.25,2976,118.8,31,0,38285.2,53075.4,34258.6516129032,12822.874366222,20663.15
"3439","lkspomet",2020,9,2880,-1.3,12.5,28.1,12.8494097222222,5.18440627510334,6,2509,29,82,100,77.2562774013551,19.7998982408309,35,2880,996,1015,1032,1015.84513888889,8.80179912977797,13,2880,0,1.1,9.1,1.51552083333333,1.3318390081812,1.6,2880,0,2.4,17,3.26267361111111,2.58579209159394,3.6,2880,0,233,359,212.026041666667,96.672393146604,153,2880,23.1,30,5127.8,23991.55,41691.6,25083.2433333333,10250.72883036,16982.75
"3440","lkspomet",2020,10,2976,-9.6,2.6,27.3,4.35161290322581,6.2713640846073,8.8,2846,26,74,100,71.4191848208011,18.744802794729,29.75,2976,994,1018,1029,1016.97681451613,8.13361941411395,14,2976,0,1.4,8.7,1.74334677419355,1.46778610697938,1.8,2976,0,3,15.9,3.63521505376344,2.72842180272191,3.8,2976,0,234,360,207.802755376344,109.499139657272,193,1440,32.1,31,3140.3,13999.1,30046.8,15758.2935483871,8180.11446447768,13351.3
"3441","lkspomet",2020,11,2880,-12.3,-0.2,25.6,1.41243055555556,7.02378421000596,5.6,2613,14,76,100,74.7619594336012,17.8131782132801,25,2880,993,1014,1035,1015.38784722222,8.10408527917551,11,2880,0,1.3,7.7,1.6890625,1.50516368001282,1.7,2880,0,2.8,16.5,3.43045138888889,2.68735473048221,3.4,2880,0,244,360,232.722222222222,96.6347865170122,98,0,NA,30,1999.3,10153.9,19736.7,10510.4166666667,6086.65864386644,11217.825
"3442","lkspomet",2020,12,2976,-29,-5.1,8.1,-6.08370295698925,6.62459333379207,9,2849,29,85,100,82.972270972271,12.6753544346707,18,2976,993,1018,1032,1016.56048387097,7.36014963547253,8,2976,0,1,7.9,1.31458333333333,1.21507714363574,1.4,2976,0,2.2,12.8,2.71962365591398,2.21058674887097,2.8,2976,0,235,360,212.17876344086,102.956786068702,137,0,NA,31,635.9,6513.2,12526,6604.54838709677,3633.0141373127,6538.35
"3443","lkspomet",2021,1,2976,-27.9,-6.1,4.3,-7.49798387096774,6.54656001535904,9.3,2832,32,86,100,82.5515536723164,14.3210954062919,20,2976,995,1019,1039,1018.40188172043,9.87929418535531,15,2976,0,1.2,9.7,1.40913978494624,1.16036091137856,1.5,2976,0,2.6,17.4,2.87631048387097,2.05554792540855,2.8,2976,0,240,360,225.025201612903,99.0099750680938,128,0,NA,31,1523.3,8944.7,16811.4,9130.83870967742,3798.58177286185,6710.75
"3444","lkspomet",2021,2,2688,-36.1,-12.3,6.8,-12.9059523809524,11.5804479673881,20,2637,29,71,100,67.7387182404247,17.7029632481306,26,2688,993,1024,1039,1020.76711309524,11.3796057562184,16,2688,0,1.3,7.4,1.72604166666667,1.49979493491384,2,2688,0,2.9,12.9,3.42607886904762,2.65617661982083,4,2688,0,246,360,248.215401785714,86.4369816596131,111,0,NA,28,5512.4,19398.15,26583.1,18406.4071428571,5336.38904288135,5560.35
"3445","lkspomet",2021,3,1825,-15.5,-0.3,16.5,-0.0302465753424657,5.47556425780579,5.8,1749,17,71,100,69.0165809033734,21.4683061477213,32,2976,990,1018,1036,1019.03393817204,9.21134799293417,13,2976,0,1.8,7.3,1.97909946236559,1.5264788929455,2.5,2976,0,3.7,14.1,4.13252688172043,2.93554463747443,4.7,2976,0,206,360,183.086357526882,110.953585278211,182,1957,53.2,31,6368.1,28731.8,39133.4,25850.8741935484,9514.24268893633,10356.3
"3446","lkspomet",2021,4,0,NA,NA,NA,NA,NA,NA,0,NA,NA,NA,NA,NA,NA,2880,998,1014,1035,1013.96631944444,6.77002087866079,8,2880,0,1.6,7.6,1.80548611111111,1.2521982503979,1.7,2880,0,3.6,12.8,3.79072916666667,2.42071516712968,3.7,2880,0,133.5,360,168.936458333333,109.924672448985,166,2880,85.1,30,4499.6,29196.1,49664.8,27790.13,14507.5844093084,26295.05
"3447","lkspomet",2021,5,0,NA,NA,NA,NA,NA,NA,0,NA,NA,NA,NA,NA,NA,2976,996,1020,1030,1018.94926075269,6.73227116830433,6,2976,0,1.4,8.4,1.72715053763441,1.26893672641709,2,2976,0,3.2,14.2,3.69825268817204,2.59209469909346,4.3,2976,0,105,360,150.730510752688,97.8716804725911,143,2976,35,31,10453,40645.3,58463.2,38326.3032258064,12533.810499059,17820.7
"3448","lkspomet",2021,6,1290,7.2,17.8,31.3,18.4057364341085,5.00135881849448,7.1,1271,23,80,100,75.6656176239182,21.4428904116226,35,1958,1002,1011,1021,1010.96833503575,5.0069974935042,7,1958,0,0.9,7.9,1.29678243105209,1.17134709895128,1.2,1958,0,2.1,14.8,2.77456588355465,2.24727318795433,2.675,1958,0,164,360,168.003064351379,92.9901176105903,146.75,1958,48.3,21,7887.9,51811.6,61743.2,45410.5238095238,15645.2983557011,21467
"3449","lkspomet",2021,7,2976,4.9,19.1,33.9,20.1695564516129,5.43996854336296,7.8,2917,24,84,100,76.4634898868701,21.3030694677856,35,2976,1005,1017,1025,1017.20060483871,3.85977919476833,5,2976,0,1,6.7,1.27775537634409,1.03665710414183,1.3,2976,0,2.2,14.9,2.77318548387097,2.06446201929548,2.9,2976,0,167,360,169.347782258065,89.4181698027771,138,2976,36.2,31,11315,48646.2,60786,43321.064516129,14749.8204453602,20993
"3450","lkspomet",2021,8,2976,7.5,19.2,32.3,20.2876344086022,4.98305177817219,6.5,2757,25,82,100,74.8552774755169,22.134790075376,39,2976,1002,1015,1026,1014.69287634409,4.6732310805552,6,2976,0,1.2,7.5,1.61770833333333,1.30055667083815,1.8,2976,0,2.8,16.9,3.4690188172043,2.53249559946833,4.2,2976,0,216,360,193.664650537634,87.5751189123743,137,2976,67.6,31,8048.1,40853.2,52203.7,37251.4806451613,12982.0107774674,10356.75
"3451","lkspomet",2021,9,2880,3.8,15.6,30.8,15.79125,5.04047182315996,5.925,2715,31,83,100,78.4545119705341,19.4542822559574,32,2880,1001,1014,1027,1014.40833333333,5.42291972590366,9,2880,0,1,7.7,1.535,1.38334659228013,1.7,2880,0,2.3,16.9,3.20430555555556,2.56691527916355,3.6,2880,0,222,360,200.502777777778,96.0529081254346,156.25,2880,80.1,30,8306.1,33646,43118.3,30822.2966666667,9423.8606450634,11102.9
"3452","lkspomet",2021,10,2976,-3.7,10.3,23.7,10.2930779569892,5.5060290074208,8.4,2597,22,88,100,83.5286869464767,16.0426904573983,22,2976,997,1016,1027,1015.55174731183,5.96730675322223,6,2976,0,1,6.5,1.28202284946237,1.0219059836784,1.3,2976,0,2.3,12.5,2.86051747311828,2.10988317037597,2.8,2976,0,135,360,166.413978494624,97.9544774711031,147,2976,52.5,31,2382.1,12824.3,26465.6,14403.3322580645,7487.77747178191,12922.95
"3453","lkspomet",2021,11,2880,-14.6,-0.1,19.1,0.141111111111111,5.48072920803149,5.9,2838,25,73,100,72.8210007047216,17.5085564293689,29,2880,992,1017,1030,1016.31041666667,7.77944690832033,10,2880,0,1.3,8.8,1.76152777777778,1.58909505397861,2.1,2880,0,2.8,15.1,3.51326388888889,2.86042897990756,4.3,2880,0,228,360,227.440277777778,99.263788272993,127.25,1487,37.7,30,2571.7,10365.65,18971.3,10660.8266666667,4085.98426237398,6186.925
"3454","lkspomet",2021,12,2976,-24.5,-5.9,8.1,-6.25315860215054,6.85528074213539,9.7,2916,38,77,100,76.5037722908093,13.5638374846015,20,2976,979,1013,1028,1012.74663978495,8.9545062388984,12,2976,0,1.3,9.6,1.72862903225806,1.51796865662791,1.7,2976,0,2.7,16.1,3.50702284946237,2.72987599203969,3.4,2976,0,244,360,232.307123655914,96.5113156407862,146.25,0,NA,31,721.7,7001.7,12603.7,7273.59677419355,3435.22400904549,5399.65
"3455","lkspomet",2022,1,2976,-32.7,-13.9,2.7,-14.3546706989247,8.29001089856021,12.3,2976,31,72,98,70.8786962365591,12.7377320691721,16,2976,996,1020,1040,1019.82963709677,9.29408641855949,14,2976,0,1.4,9.3,1.72573924731183,1.52827781073177,2.1,2976,0,3,14.9,3.49895833333333,2.68777292275849,4,2976,0,235,360,222.112231182796,98.6188597620559,107.25,0,NA,31,4851.9,12041,16599.3,10731.3096774194,3836.72833052284,6855.7
"3456","lkspomet",2022,2,2688,-34.9,-12.1,3.5,-13.0061383928571,8.17140367402776,11.8,2688,24,69,98,67.0029761904762,15.5311849535926,23,2688,989,1023,1041,1020.92150297619,11.2194411842471,15,2688,0,1.6,10.1,1.90491071428571,1.61564218101628,2.4,2688,0,3.4,17.4,3.85680803571429,2.98512098693533,4.7,2688,0,239,360,223.038318452381,111.006038341476,201,0,NA,28,5921.5,18562.25,28560.7,17111.5392857143,6583.58854888366,9938.85
"3457","lkspomet",2022,3,2976,-26.9,-2.4,14.1,-3.29831989247312,6.784079524255,7.8,2951,19,70,100,68.4117248390376,20.6590297434119,35,2976,1000,1017,1034,1016.43615591398,7.30810232121604,10,2976,0,2,8.9,2.14233870967742,1.62010325665125,2.3,2976,0,4.2,15,4.36868279569893,2.96327330007616,4.9,2976,0,219,360,198.467741935484,116.876032728248,233,0,NA,31,4010,29901.1,40545.2,25318.3096774194,10640.4831699303,15892.35
"3458","lkspomet",2022,4,2880,-9.9,1.7,12.2,1.38774305555556,3.22424695656351,3.1,2718,14,79,100,76.042310522443,19.1152687159353,29,2880,990,1013,1031,1012.96979166667,9.82497706474074,13,2880,0,2.2,7.1,2.2553125,1.34456035788991,2,2880,0,4.9,11.8,4.83909722222222,2.61683554929196,4,2880,0,104,360,165.462152777778,112.043954858364,185,0,NA,30,4686.3,18132.5,51787.2,23408.0366666667,14178.1759566446,19887.175
"3459","lkspomet",2022,5,2976,-2.6,8,27.3,9.19963037634409,5.27333834893268,5.2,2873,16,79,100,74.6762965541246,21.7707810290301,35,2976,993,1013,1029,1013.26545698925,8.05828117249306,10,2976,0,1.7,7.1,1.86071908602151,1.30717709333117,2,2976,0,3.8,14.6,3.95887096774194,2.5804205120436,4,2976,0,111,360,160.048387096774,100.826738870933,149,1968,99.3,31,7313.3,34349.8,58496.6,34540.5096774194,16367.3064394716,27300.35
"3460","lkspomet",2022,6,2880,4.3,15.1,35.9,16.0139930555556,6.65356097101019,10.9,2880,16,72,100,68.9638888888889,23.5030482488253,41,2880,1002,1013,1028,1013.35972222222,4.71969879477123,4,2880,0,1.7,8.5,1.97965277777778,1.5110991071266,2,2880,0,3.7,17.1,4.0965625,2.87591089629258,4.4,2880,0,219,360,200.829166666667,103.99168673523,209,2874,56.1,30,16956.6,53773.4,60944.6,47156.1033333333,13655.3685267379,19810.1
"3461","lkspomet",2022,7,2976,7.4,18.4,33,18.545497311828,5.32759928793128,8.2,2775,32,80,100,76.9466666666667,18.7574749019154,30,2407,997,1014,1026,1013.43207312007,5.90090811005641,8,2976,0,1.2,8,1.59331317204301,1.26218656908066,1.6,2976,0,2.8,14.2,3.33612231182796,2.29036468062291,3.3,2976,0,210,360,192.668346774194,97.8041906927522,161,2975,52.6,31,8600,48378.7,59509.3,44282.0612903226,13015.7964614714,19031.45
"3462","lkspomet",2022,8,2976,10,17.9,30.8,18.7163306451613,4.12195296499063,6.3,2817,38,88,100,82.0042598509052,17.7158356878797,26,2976,1000,1018,1027,1016.13272849462,5.25243672125594,5,2976,0,1.1,7.3,1.39435483870968,1.10964074151215,1.5,2976,0,2.5,12,3.02069892473118,2.13301104459917,3.2,2976,0,187,360,176.817540322581,97.4385010516462,152,2976,36.7,31,6824.9,39931,54067.5,36004.3967741935,14158.4674887617,22932.4
"3463","lkspomet",2022,9,2880,-1.1,14.7,30.8,14.6742013888889,5.77435832104885,5.925,2610,32,86,100,80.8134099616858,18.8544497723337,31,2880,1003,1017,1035,1017.66944444444,6.45187682173099,9,2880,0,1,7.8,1.33010416666667,1.20444066174258,1.5,2880,0,2.1,14.4,2.89295138888889,2.34198632257202,3.2,2880,0,154.5,360,168.538888888889,96.1290590105857,136,2880,71.3,30,5522,34170.2,46967.4,30050.8633333333,12056.6881275279,13293.8
"3464","lkspomet",2022,10,2972,-5,7,26.4,7.71467025572005,6.22347377612298,8.8,2820,25,79,100,75.545390070922,19.0011219592837,30,2972,995,1016,1035,1014.99663526245,9.82499108391103,17.25,2972,0,1.3,7.7,1.66399730820996,1.32778450194336,1.9,2972,0,2.9,13.7,3.48529609690444,2.53235325449111,4.2,2972,0,222,360,200.32200538358,107.323530671965,188,1282,4.8,31,6767.8,17022.1,30083.4,17368.5322580645,6656.67023220003,9496.7
"3465","lkspomet",2022,11,2879,-14.2,-1.3,23.3,0.24043070510594,6.51532415742127,8.5,2564,27,78,100,76.4169266770671,16.3567488422706,26,2879,995,1016,1038,1015.7321986801,8.3444047988018,11,2879,0,1.6,8.2,1.79850642584231,1.33196698868276,1.9,2879,0,3.3,13.4,3.74185481069816,2.61416375780946,3.7,2879,0,233,359,210.410211879125,105.412421022512,196,0,NA,30,1783.3,9203.4,19515.9,9523.59,4584.21584324765,6571.225
"3466","lkspomet",2022,12,2976,-25.7,-8.1,3.8,-8.99657258064516,7.88347415289961,14,2650,40,82,100,79.8883018867924,12.2144691589922,20,2976,993,1018,1035,1016.42137096774,10.3976338744468,16,2976,0,1.2,9.6,1.67916666666667,1.56125873946012,1.9,2976,0,2.6,17.9,3.49173387096774,2.93310955270053,3.8,2976,0,230,360,210.85752688172,106.56855542566,203,0,NA,31,1524.9,6273.9,12523.3,6837.91290322581,3415.13891398695,5556.15
